"HTML e CSS: ambientes de desenvolvimento, estrutura de arquivos e tags";Sim
"HTML e CSS: Classes, posicionamento e Flexbox";Sim
"HTML e CSS: cabeçalho, footer e variáveis CSS";Sim
"HTML e CSS: trabalhando com responsividade e publicação de projetos";Sim
"JavaScript: tipos, variáveis e funções";Sim
"JavaScript: Arrays";Sim
"JavaScript: objetos";Sim
"JavaScript: manipulando o DOM";Sim
"JavaScript na Web: armazenando dados no navegador";Sim
"JavaScript e HTML: desenvolva um jogo e pratique lógica de programação";Sim
"Java JRE e JDK: compile e execute o seu programa";Sim
"Java OO: entendendo a Orientação a Objetos";Sim
"Java Polimorfismo: entenda herança e interfaces";Sim
"PHP: conceitos, lidando com dados, loops e mais";Sim
"Avançando com PHP: Arrays, Strings, Função e Web";Sim
"PHP: manipulando coleções com Arrays";Sim
"PHP Strings: manipulando textos com PHP";Sim
"Orientação a Objetos com PHP: Classes, métodos e atributos";Sim
"Avançando com Orientação a Objetos com PHP: Herança, Polimorfismo e Interfaces";Sim
"PHP I/O: trabalhando";Não
"PHP I/O: trabalhando com arquivos e streams";Não
"PHP Exceptions: tratamento de erros";Não
